filename	unixtime_start	satid	jitter	a	e	inclination	raan	argument_of_periapsis	true_anomaly
orbit_simulated_1500453714d506_80000	1500453714.5065124	0	80000.0	6875691.447489721	0.5442283536886912	7.22827470569694	267.52274652072737	202.8169863809278	229.93635420870902
