filename	unixtime_start	satid	jitter	a	e	inclination	raan	argument_of_periapsis	true_anomaly
orbit_simulated_1500453749d176_0	1500453749.1767826	0	0.0	7353148.301574733	0.3132817184516185	24.0020550654825	92.6028430259587	95.10929697564177	198.15576484394217
