filename	unixtime_start	satid	jitter	a	e	inclination	raan	argument_of_periapsis	true_anomaly
orbit_simulated_1500453717d935_20000	1500453717.9354606	0	20000.0	7295173.193786741	0.13341825512933267	74.02528651583096	191.42203071637908	48.25028498767449	281.55396319237303
