filename	unixtime_start	satid	jitter	a	e	inclination	raan	argument_of_periapsis	true_anomaly
orbit_simulated_1500453712d655_40000	1500453712.6557014	0	40000.0	7344774.708030271	0.02140237624082905	150.54029451401155	158.36357267679162	351.7490701948832	123.35802516822214
