filename	unixtime_start	satid	jitter	a	e	inclination	raan	argument_of_periapsis	true_anomaly
orbit_simulated_1500453765d590_20000	1500453765.5905235	0	20000.0	6659132.146601541	0.9322887743538035	135.3994376074722	21.27923200077039	337.90970170417467	18.53487947985494
