filename	unixtime_start	satid	jitter	a	e	inclination	raan	argument_of_periapsis	true_anomaly
orbit_simulated_1500453708d348_40000	1500453708.3484473	0	40000.0	6625800.837865978	0.09280370404983578	27.85660004886645	359.69212539551955	156.7655638760852	67.1524494127122
