filename	unixtime_start	satid	jitter	a	e	inclination	raan	argument_of_periapsis	true_anomaly
orbit_simulated_1500453746d723_80000	1500453746.723318	0	80000.0	7091641.724209668	0.05624832249144333	112.60635719051986	244.19624630708114	212.1253588883862	48.304950930939256
