filename	unixtime_start	satid	jitter	a	e	inclination	raan	argument_of_periapsis	true_anomaly
orbit_simulated_1500453684d135_10000	1500453684.1353576	0	10000.0	7103123.513116895	0.2653559036416524	127.00199963686828	341.82849086439063	215.58096389010962	318.7213981335447
