filename	unixtime_start	satid	jitter	a	e	inclination	raan	argument_of_periapsis	true_anomaly
orbit_simulated_1500453707d545_40000	1500453707.54587	0	40000.0	7019907.090953948	0.686036733720484	120.99904724750401	198.54587394476837	27.597777582975148	215.55049062744484
