filename	unixtime_start	satid	jitter	a	e	inclination	raan	argument_of_periapsis	true_anomaly
orbit_simulated_1500453694d327_20000	1500453694.3274007	0	20000.0	6864133.984174703	0.5446567163250101	61.30629141215014	17.026690589483188	223.04200810945338	276.0419716737627
