filename	unixtime_start	satid	jitter	a	e	inclination	raan	argument_of_periapsis	true_anomaly
orbit_simulated_1500453695d708_40000	1500453695.708879	0	40000.0	7210269.015161151	0.9091852433509664	121.0826685762903	229.9640014522557	257.3876636407004	188.65810226872736
