filename	unixtime_start	satid	jitter	a	e	inclination	raan	argument_of_periapsis	true_anomaly
orbit_simulated_1500453716d398_20000	1500453716.3988519	0	20000.0	7310727.199155164	0.23610304393129858	165.7241117077477	309.74243017678515	296.33766856154614	99.91709617876441
