filename	unixtime_start	satid	jitter	a	e	inclination	raan	argument_of_periapsis	true_anomaly
orbit_simulated_1500453699d529_10000	1500453699.5290651	0	10000.0	7264596.996441266	0.11585190338463487	53.653357041544204	109.3816254047772	114.33074032824995	184.71881130668817
