filename	unixtime_start	satid	jitter	a	e	inclination	raan	argument_of_periapsis	true_anomaly
orbit_simulated_1500453742d107_0	1500453742.1071856	0	0.0	7202516.883841909	0.1472963694963976	9.365220355906263	38.0645878095054	330.11122496540764	201.77726801679515
