filename	unixtime_start	satid	jitter	a	e	inclination	raan	argument_of_periapsis	true_anomaly
orbit_simulated_1500453703d057_10000	1500453703.057145	0	10000.0	7353687.400488834	0.7316592319977927	29.98930760758237	277.993857887116	267.47094797596264	174.85590037187592
