filename	unixtime_start	satid	jitter	a	e	inclination	raan	argument_of_periapsis	true_anomaly
orbit_simulated_1500453753d624_10000	1500453753.6244323	0	10000.0	6906813.133700696	0.8199943576091736	118.68962894693745	319.21848927979954	190.5383467236849	128.5356914910011
