filename	unixtime_start	satid	jitter	a	e	inclination	raan	argument_of_periapsis	true_anomaly
orbit_simulated_1500453709d825_0	1500453709.8258247	0	0.0	6979831.338203824	0.7611708642755574	56.94240026943999	212.72903828086115	352.33992535897204	323.0099216821936
