filename	unixtime_start	satid	jitter	a	e	inclination	raan	argument_of_periapsis	true_anomaly
orbit_simulated_1500453704d861_80000	1500453704.8614044	0	80000.0	6709632.142733019	0.7662631504713172	112.85870738705938	57.684549540909856	195.0527429382323	173.7254496673323
