filename	unixtime_start	satid	jitter	a	e	inclination	raan	argument_of_periapsis	true_anomaly
orbit_simulated_1500453721d966_40000	1500453721.966949	0	40000.0	7075051.515822884	0.20860784435882562	103.2210078982937	21.74886679229513	358.4198609199249	294.07336962822836
