filename	unixtime_start	satid	jitter	a	e	inclination	raan	argument_of_periapsis	true_anomaly
orbit_simulated_1500453686d633_20000	1500453686.6336281	0	20000.0	6695366.716292333	0.05356671759724016	166.68190811841572	165.37218897600854	243.9164810594877	113.6406239930216
