filename	unixtime_start	satid	jitter	a	e	inclination	raan	argument_of_periapsis	true_anomaly
orbit_simulated_1500453756d494_80000	1500453756.494475	0	80000.0	6913794.546776502	0.6980342065908539	171.73684826298344	143.8940567031041	296.8845683043849	9.454240494825438
