filename	unixtime_start	satid	jitter	a	e	inclination	raan	argument_of_periapsis	true_anomaly
orbit_simulated_1500453733d241_0	1500453733.2415445	0	0.0	6576540.178135151	0.6722024542053981	167.33316304569504	301.7292305670684	104.98159210831312	349.5617576522815
