filename	unixtime_start	satid	jitter	a	e	inclination	raan	argument_of_periapsis	true_anomaly
orbit_simulated_1500453767d285_20000	1500453767.2857244	0	20000.0	6925889.958513868	0.17669612226985984	104.08491534662465	62.18173843312657	102.25567231497416	355.6074779846721
