filename	unixtime_start	satid	jitter	a	e	inclination	raan	argument_of_periapsis	true_anomaly
orbit_simulated_1500453681d945_10000	1500453681.945283	0	10000.0	6649576.019931621	0.8980960272830075	109.64928714039931	272.06421941119504	287.4973229274337	268.3299717534594
