filename	unixtime_start	satid	jitter	a	e	inclination	raan	argument_of_periapsis	true_anomaly
orbit_simulated_1500453738d001_80000	1500453738.00173	0	80000.0	6887896.017425707	0.4985915635862541	148.47760442091248	280.76919413367875	157.13824119424063	156.73502655943287
