filename	unixtime_start	satid	jitter	a	e	inclination	raan	argument_of_periapsis	true_anomaly
orbit_simulated_1500453769d141_20000	1500453769.141805	0	20000.0	7121943.723154619	0.9937008455990257	176.75282162498382	238.36940448410974	6.558295396539666	196.67810429501634
