filename	unixtime_start	satid	jitter	a	e	inclination	raan	argument_of_periapsis	true_anomaly
orbit_simulated_1500453748d280_0	1500453748.28092	0	0.0	6934757.7228839565	0.06169031002236707	129.61805491190933	292.88445067353405	353.1934096246794	296.4229318433016
