filename	unixtime_start	satid	jitter	a	e	inclination	raan	argument_of_periapsis	true_anomaly
orbit_simulated_1500453743d595_80000	1500453743.5952077	0	80000.0	7013181.402006298	0.8805211337952521	28.114745051186674	189.02207291364402	92.06957937477928	7.206926401544522
