filename	unixtime_start	satid	jitter	a	e	inclination	raan	argument_of_periapsis	true_anomaly
orbit_simulated_1500453725d103_0	1500453725.1037066	0	0.0	6808358.961354733	0.9364695073882743	93.03869188313578	115.44385417573672	165.87969495764057	157.2339049046294
