filename	unixtime_start	satid	jitter	a	e	inclination	raan	argument_of_periapsis	true_anomaly
orbit_simulated_1500453692d446_0	1500453692.446067	0	0.0	6995635.09149193	0.7177995434795956	80.89940780819572	151.9416957562919	358.87589792610675	59.307542337019775
