filename	unixtime_start	satid	jitter	a	e	inclination	raan	argument_of_periapsis	true_anomaly
orbit_simulated_1500453684d691_40000	1500453684.6917522	0	40000.0	6761502.195109386	0.6165798595917104	5.962225622526612	106.70257352784388	98.6386999269655	110.12076968440932
