filename	unixtime_start	satid	jitter	a	e	inclination	raan	argument_of_periapsis	true_anomaly
orbit_simulated_1500453687d205_0	1500453687.2050326	0	0.0	6938320.349357397	0.37229662528803503	89.59462608761108	282.75046166658274	121.3990200138966	89.708526649626
