filename	unixtime_start	satid	jitter	a	e	inclination	raan	argument_of_periapsis	true_anomaly
orbit_simulated_1500453745d263_80000	1500453745.2637823	0	80000.0	7345580.712586252	0.4099240790836534	171.63635511562688	54.52996828312148	99.44736282664171	112.11566709924408
