filename	unixtime_start	satid	jitter	a	e	inclination	raan	argument_of_periapsis	true_anomaly
orbit_simulated_1500453711d946_20000	1500453711.9466977	0	20000.0	7300511.879769989	0.746791062068955	16.74916443270179	37.28737116006967	266.7458049680757	49.90605123493366
