filename	unixtime_start	satid	jitter	a	e	inclination	raan	argument_of_periapsis	true_anomaly
orbit_simulated_1500453762d661_40000	1500453762.6619148	0	40000.0	7149811.61808689	0.5434365092151152	40.21606904551952	280.6597148035828	138.02367419731416	97.42287599234947
