filename	unixtime_start	satid	jitter	a	e	inclination	raan	argument_of_periapsis	true_anomaly
orbit_simulated_1500453682d678_20000	1500453682.6783006	0	20000.0	7266740.780052443	0.23759751987396738	28.98324336108565	336.14553710143866	272.89865097439787	308.4399006280404
