filename	unixtime_start	satid	jitter	a	e	inclination	raan	argument_of_periapsis	true_anomaly
orbit_simulated_1500453701d879_20000	1500453701.8797915	0	20000.0	7066157.232568824	0.5944349900158249	94.80454334014148	153.46161364586592	128.02472948112205	245.8263064397767
