filename	unixtime_start	satid	jitter	a	e	inclination	raan	argument_of_periapsis	true_anomaly
orbit_simulated_1500453703d724_20000	1500453703.7246022	0	20000.0	6645495.654582433	0.6143437424873702	117.52703202397305	239.6219912149513	6.598070132950786	193.45521560415747
