filename	unixtime_start	satid	jitter	a	e	inclination	raan	argument_of_periapsis	true_anomaly
orbit_simulated_1500453715d234_20000	1500453715.2340264	0	20000.0	6711358.177049344	0.28370622044525934	106.35476766514	138.27063059691213	151.80093790772062	47.97524324545569
