filename	unixtime_start	satid	jitter	a	e	inclination	raan	argument_of_periapsis	true_anomaly
orbit_simulated_1500453706d327_20000	1500453706.3279638	0	20000.0	7127069.666345453	0.9748678594416145	66.93221426086733	93.90677809405463	115.30181489668422	247.1895772424116
