filename	unixtime_start	satid	jitter	a	e	inclination	raan	argument_of_periapsis	true_anomaly
orbit_simulated_1500453742d911_40000	1500453742.911224	0	40000.0	6990971.874517662	0.34021489650411124	63.65556663121182	247.63106994305627	307.5756233509817	113.17659002335093
