filename	unixtime_start	satid	jitter	a	e	inclination	raan	argument_of_periapsis	true_anomaly
orbit_simulated_1500453757d878_40000	1500453757.8789556	0	40000.0	6589698.012718005	0.8848733830862928	8.687751841736704	317.6373821511933	112.86468193698438	101.21799933262156
