filename	unixtime_start	satid	jitter	a	e	inclination	raan	argument_of_periapsis	true_anomaly
orbit_simulated_1500453758d719_20000	1500453758.7195508	0	20000.0	6830676.657151166	0.4896714506401044	59.294852987043036	42.635437804963416	102.56577178803619	119.22495248596898
