filename	unixtime_start	satid	jitter	a	e	inclination	raan	argument_of_periapsis	true_anomaly
orbit_simulated_1500453683d405_0	1500453683.4058185	0	0.0	6845918.339887778	0.7414876202012168	21.83975745666286	146.3962786068013	291.5764295024684	241.1577917562706
