filename	unixtime_start	satid	jitter	a	e	inclination	raan	argument_of_periapsis	true_anomaly
orbit_simulated_1500453713d816_0	1500453713.8160217	0	0.0	7095542.447148205	0.015218757683049287	65.31623774444881	209.29741372691606	16.55535509124299	6.582834624888956
