filename	unixtime_start	satid	jitter	a	e	inclination	raan	argument_of_periapsis	true_anomaly
orbit_simulated_1500453766d546_0	1500453766.5467043	0	0.0	6724590.384897485	0.6910128408853846	130.71792774518403	11.970185252644105	104.20645755098968	58.25415264099067
