filename	unixtime_start	satid	jitter	a	e	inclination	raan	argument_of_periapsis	true_anomaly
orbit_simulated_1500453770d255_40000	1500453770.2550461	0	40000.0	6848882.7280359855	0.5310726235346696	53.5617129459898	231.43701742447843	230.11612658266006	89.63705737852723
