filename	unixtime_start	satid	jitter	a	e	inclination	raan	argument_of_periapsis	true_anomaly
orbit_simulated_1500453732d240_0	1500453732.2408354	0	0.0	6741056.754135305	0.18150835306566643	30.47958479433505	164.7882018046821	84.73881573028154	350.4509065142399
