filename	unixtime_start	satid	jitter	a	e	inclination	raan	argument_of_periapsis	true_anomaly
orbit_simulated_1500453722d808_10000	1500453722.8085449	0	10000.0	6824743.861478564	0.551881117963187	149.5992808289269	198.75228168845658	139.17503819889643	261.99052988178084
