filename	unixtime_start	satid	jitter	a	e	inclination	raan	argument_of_periapsis	true_anomaly
orbit_simulated_1500453735d288_10000	1500453735.288995	0	10000.0	7050490.658146009	0.3485696587569881	91.77461462281828	152.17764234263637	280.7847518160492	222.74203108048178
