filename	unixtime_start	satid	jitter	a	e	inclination	raan	argument_of_periapsis	true_anomaly
orbit_simulated_1500453718d700_80000	1500453718.7004826	0	80000.0	7370415.628780591	0.7824614514479366	130.61695175694558	287.97139960141806	256.5588129568762	351.50632175515796
