filename	unixtime_start	satid	jitter	a	e	inclination	raan	argument_of_periapsis	true_anomaly
orbit_simulated_1500453720d472_0	1500453720.47239	0	0.0	6820786.011255883	0.9530031230202517	144.8382898430961	148.89223089698203	36.334480034567996	22.55521738646443
