filename	unixtime_start	satid	jitter	a	e	inclination	raan	argument_of_periapsis	true_anomaly
orbit_simulated_1500453719d571_0	1500453719.5716007	0	0.0	6939053.99929292	0.17129016557231433	66.14455800815179	47.286077496989456	324.7038120729158	127.81575945735133
