filename	unixtime_start	satid	jitter	a	e	inclination	raan	argument_of_periapsis	true_anomaly
orbit_simulated_1500453730d731_80000	1500453730.7317662	0	80000.0	6710779.94241759	0.7313330522165447	70.8326388020989	328.11382254673384	296.7918253680297	300.13572734150654
