filename	unixtime_start	satid	jitter	a	e	inclination	raan	argument_of_periapsis	true_anomaly
orbit_simulated_1500453752d266_20000	1500453752.2669742	0	20000.0	6781597.688970565	0.6138780588805572	117.10531929004364	314.8132129240996	15.868138205821625	232.10782777654083
