filename	unixtime_start	satid	jitter	a	e	inclination	raan	argument_of_periapsis	true_anomaly
orbit_simulated_1500453710d691_20000	1500453710.691809	0	20000.0	6953513.947200087	0.13239557816467426	124.0568575806388	192.51225906843433	39.34647628950217	125.11824091055223
